age,gender,education_level,job_title,years_of_experience,salary
32.0,Male,Bachelor's,software engineer,5.0,90000.0
28.0,Female,Master's,data analyst,3.0,65000.0
45.0,Male,PhD,senior manager,15.0,150000.0
36.0,Female,Bachelor's,sales associate,7.0,60000.0
52.0,Male,Master's,director,20.0,200000.0
29.0,Male,Bachelor's,marketing analyst,2.0,55000.0
42.0,Female,Master's,product manager,12.0,120000.0
31.0,Male,Bachelor's,sales manager,4.0,80000.0
26.0,Female,Bachelor's,marketing coordinator,1.0,45000.0
38.0,Male,PhD,senior scientist,10.0,110000.0
29.0,Male,Master's,software developer,3.0,75000.0
48.0,Female,Bachelor's,hr manager,18.0,140000.0
35.0,Male,Bachelor's,financial analyst,6.0,65000.0
40.0,Female,Master's,project manager,14.0,130000.0
27.0,Male,Bachelor's,customer service rep,2.0,40000.0
44.0,Male,Bachelor's,operations manager,16.0,125000.0
33.0,Female,Master's,marketing manager,7.0,90000.0
39.0,Male,PhD,senior engineer,12.0,115000.0
25.0,Female,Bachelor's,data entry clerk,0.0,35000.0
51.0,Male,Bachelor's,sales director,22.0,180000.0
34.0,Female,Master's,business analyst,5.0,80000.0
47.0,Male,Master's,vp of operations,19.0,190000.0
30.0,Male,Bachelor's,it support,2.0,50000.0
36.0,Female,Bachelor's,recruiter,9.0,60000.0
41.0,Male,Master's,financial manager,13.0,140000.0
28.0,Female,Bachelor's,social media specialist,3.0,45000.0
37.0,Female,Master's,software manager,11.0,110000.0
24.0,Male,Bachelor's,junior developer,1.0,40000.0
43.0,Female,PhD,senior consultant,15.0,140000.0
33.0,Male,Master's,product designer,6.0,90000.0
50.0,Male,Bachelor's,ceo,25.0,250000.0
31.0,Female,Bachelor's,accountant,4.0,55000.0
29.0,Male,Master's,data scientist,3.0,75000.0
39.0,Female,Bachelor's,marketing specialist,10.0,65000.0
46.0,Male,PhD,senior manager,20.0,170000.0
27.0,Male,Bachelor's,technical writer,2.0,45000.0
35.0,Female,Bachelor's,hr generalist,7.0,60000.0
42.0,Male,Master's,project engineer,14.0,115000.0
26.0,Female,Bachelor's,customer success rep,1.0,40000.0
49.0,Male,Bachelor's,sales executive,21.0,160000.0
34.0,Female,Master's,ux designer,5.0,80000.0
48.0,Male,Master's,operations director,18.0,190000.0
30.0,Male,Bachelor's,network engineer,3.0,60000.0
36.0,Female,Bachelor's,administrative assistant,8.0,45000.0
41.0,Male,Master's,strategy consultant,13.0,130000.0
28.0,Female,Bachelor's,copywriter,2.0,40000.0
32.0,Male,Bachelor's,account manager,5.0,75000.0
45.0,Female,Master's,director of marketing,16.0,180000.0
38.0,Male,PhD,senior scientist,11.0,120000.0
25.0,Male,Bachelor's,help desk analyst,0.0,35000.0
51.0,Female,Bachelor's,customer service manager,22.0,130000.0
33.0,Male,Master's,business intelligence analyst,7.0,85000.0
40.0,Female,Bachelor's,event coordinator,12.0,60000.0
47.0,Male,Master's,vp of finance,19.0,200000.0
29.0,Female,Bachelor's,graphic designer,3.0,50000.0
36.0,Male,Bachelor's,sales manager,9.0,95000.0
27.0,Female,Master's,ux researcher,2.0,65000.0
43.0,Male,PhD,senior engineer,17.0,140000.0
30.0,Female,Bachelor's,social media manager,4.0,55000.0
35.0,Male,Master's,product manager,7.0,105000.0
51.0,Female,Master's,director of operations,23.0,170000.0
29.0,Male,Bachelor's,marketing analyst,3.0,50000.0
40.0,Female,Bachelor's,hr manager,12.0,80000.0
47.0,Male,PhD,senior data scientist,21.0,180000.0
26.0,Male,Bachelor's,junior accountant,1.0,35000.0
38.0,Female,Master's,digital marketing manager,10.0,90000.0
46.0,Male,Bachelor's,it manager,19.0,120000.0
31.0,Female,Bachelor's,customer service representative,5.0,45000.0
34.0,Male,Master's,business development manager,8.0,90000.0
49.0,Female,Master's,senior financial analyst,18.0,150000.0
33.0,Male,Bachelor's,web developer,6.0,65000.0
39.0,Female,Bachelor's,recruiter,11.0,70000.0
45.0,Male,PhD,research director,16.0,190000.0
28.0,Male,Bachelor's,technical support specialist,2.0,40000.0
42.0,Female,Master's,creative director,14.0,120000.0
37.0,Male,Bachelor's,project manager,10.0,95000.0
50.0,Female,Bachelor's,operations manager,22.0,160000.0
32.0,Male,Master's,senior software engineer,6.0,100000.0
48.0,Female,Master's,human resources director,20.0,180000.0
30.0,Female,Bachelor's,content marketing manager,3.0,55000.0
36.0,Male,Bachelor's,technical recruiter,8.0,70000.0
41.0,Female,Master's,data analyst,13.0,80000.0
25.0,Male,Bachelor's,sales representative,0.0,30000.0
52.0,Male,PhD,chief technology officer,24.0,250000.0
29.0,Female,Bachelor's,junior designer,2.0,40000.0
34.0,Female,Master's,financial advisor,10.0,95000.0
27.0,Male,Bachelor's,junior account manager,2.0,45000.0
40.0,Female,Bachelor's,hr generalist,15.0,80000.0
46.0,Male,Master's,senior project manager,21.0,135000.0
31.0,Female,Bachelor's,marketing coordinator,6.0,55000.0
36.0,Male,PhD,principal scientist,11.0,120000.0
29.0,Female,Bachelor's,sales associate,3.0,40000.0
43.0,Male,Bachelor's,supply chain manager,18.0,105000.0
52.0,Female,Master's,senior marketing manager,25.0,170000.0
33.0,Male,Bachelor's,business analyst,7.0,75000.0
39.0,Female,Bachelor's,training specialist,12.0,65000.0
47.0,Male,PhD,research scientist,22.0,160000.0
26.0,Male,Bachelor's,junior software developer,1.0,35000.0
38.0,Female,Master's,public relations manager,10.0,90000.0
45.0,Male,Bachelor's,operations analyst,20.0,110000.0
31.0,Female,Bachelor's,event coordinator,5.0,45000.0
35.0,Male,Master's,product marketing manager,8.0,95000.0
49.0,Female,Master's,senior hr manager,19.0,150000.0
33.0,Male,Bachelor's,junior web developer,5.0,50000.0
39.0,Female,Master's,senior project coordinator,13.0,80000.0
44.0,Male,PhD,chief data officer,16.0,220000.0
30.0,Female,Bachelor's,digital content producer,3.0,50000.0
36.0,Male,Bachelor's,it support specialist,7.0,60000.0
41.0,Female,Master's,senior marketing analyst,14.0,100000.0
28.0,Male,Bachelor's,customer success manager,2.0,40000.0
42.0,Female,Master's,senior graphic designer,15.0,110000.0
37.0,Male,Bachelor's,software project manager,9.0,95000.0
50.0,Female,Bachelor's,supply chain analyst,22.0,130000.0
32.0,Male,Master's,senior business analyst,6.0,90000.0
23.0,Female,Bachelor's,junior marketing analyst,0.5,35000.0
31.0,Male,Master's,senior financial analyst,6.0,95000.0
40.0,Female,Bachelor's,office manager,15.0,65000.0
48.0,Male,PhD,principal engineer,20.0,170000.0
29.0,Female,Bachelor's,junior hr generalist,3.0,45000.0
35.0,Male,Master's,senior product manager,10.0,120000.0
42.0,Female,Bachelor's,sales manager,17.0,100000.0
53.0,Male,Master's,director of marketing,25.0,180000.0
33.0,Female,Bachelor's,junior operations analyst,5.0,50000.0
38.0,Male,Bachelor's,customer service manager,11.0,80000.0
44.0,Female,PhD,senior scientist,16.0,140000.0
26.0,Male,Bachelor's,junior accountant,2.0,40000.0
37.0,Female,Master's,senior hr generalist,9.0,95000.0
45.0,Male,Bachelor's,sales operations manager,18.0,110000.0
32.0,Female,Bachelor's,marketing coordinator,4.0,50000.0
34.0,Male,Master's,senior software developer,8.0,105000.0
50.0,Female,Master's,director of operations,21.0,160000.0
29.0,Male,Bachelor's,junior web designer,3.0,45000.0
40.0,Female,Master's,senior training specialist,12.0,100000.0
47.0,Male,PhD,senior research scientist,22.0,160000.0
27.0,Male,Bachelor's,junior sales representative,1.0,35000.0
39.0,Female,Bachelor's,administrative assistant,10.0,55000.0
46.0,Male,Master's,senior project manager,19.0,140000.0
30.0,Female,Bachelor's,junior marketing manager,4.0,50000.0
36.0,Male,Bachelor's,junior data analyst,7.0,60000.0
43.0,Female,Master's,senior product marketing manager,14.0,120000.0
28.0,Male,Bachelor's,junior business analyst,2.0,40000.0
41.0,Female,Master's,senior marketing manager,13.0,110000.0
33.0,Male,Bachelor's,junior software developer,5.0,50000.0
47.0,Male,Bachelor's,senior sales manager,20.0,135000.0
25.0,Female,Master's,junior marketing specialist,1.5,40000.0
34.0,Male,Bachelor's,senior business analyst,8.0,90000.0
42.0,Female,PhD,senior data scientist,16.0,150000.0
31.0,Male,Bachelor's,junior project manager,4.0,60000.0
38.0,Female,Bachelor's,senior accountant,10.0,80000.0
45.0,Male,Master's,director of sales,19.0,175000.0
29.0,Female,Bachelor's,junior recruiter,3.0,45000.0
36.0,Male,Master's,senior business development manager,11.0,120000.0
43.0,Female,PhD,senior product designer,18.0,140000.0
26.0,Male,Bachelor's,junior customer support specialist,2.0,35000.0
37.0,Female,Master's,senior marketing analyst,9.0,95000.0
44.0,Male,Bachelor's,senior it support specialist,14.0,110000.0
32.0,Female,Bachelor's,junior financial analyst,5.0,50000.0
33.0,Male,Master's,senior operations manager,7.0,115000.0
51.0,Female,PhD,director of human resources,23.0,185000.0
28.0,Male,Bachelor's,junior software engineer,2.0,40000.0
39.0,Female,Bachelor's,senior sales representative,12.0,90000.0
48.0,Male,Master's,director of product management,21.0,175000.0
30.0,Female,Bachelor's,junior copywriter,3.0,45000.0
35.0,Male,Bachelor's,senior marketing coordinator,7.0,80000.0
41.0,Female,Master's,senior human resources manager,13.0,120000.0
27.0,Male,Bachelor's,junior business development associate,1.5,35000.0
40.0,Female,Bachelor's,senior account manager,14.0,110000.0
46.0,Male,PhD,senior researcher,18.0,150000.0
31.0,Female,Bachelor's,junior hr coordinator,4.0,50000.0
34.0,Male,Master's,senior software engineer,9.0,105000.0
50.0,Female,Master's,director of finance,20.0,180000.0
29.0,Male,Bachelor's,junior marketing coordinator,2.0,40000.0
43.0,Male,Bachelor's,senior project manager,16.0,140000.0
26.0,Female,Master's,junior data scientist,1.5,45000.0
35.0,Male,Bachelor's,senior operations analyst,7.0,85000.0
42.0,Female,PhD,senior marketing manager,18.0,140000.0
31.0,Male,Bachelor's,junior accountant,4.0,50000.0
38.0,Female,Bachelor's,senior human resources coordinator,10.0,80000.0
46.0,Male,Master's,director of operations,20.0,170000.0
29.0,Female,Bachelor's,junior sales representative,2.0,40000.0
37.0,Male,Master's,senior business analyst,9.0,105000.0
44.0,Female,PhD,senior ux designer,15.0,145000.0
27.0,Male,Bachelor's,junior product manager,2.0,40000.0
36.0,Female,Bachelor's,senior marketing specialist,8.0,85000.0
43.0,Male,Bachelor's,senior it project manager,14.0,130000.0
33.0,Female,Master's,senior financial analyst,6.0,95000.0
34.0,Male,Bachelor's,senior quality assurance analyst,9.0,100000.0
50.0,Female,PhD,director of sales and marketing,22.0,180000.0
28.0,Male,Bachelor's,junior operations analyst,1.5,35000.0
39.0,Female,Bachelor's,senior account executive,12.0,95000.0
47.0,Male,Master's,director of business development,19.0,170000.0
30.0,Female,Bachelor's,junior social media manager,3.0,45000.0
34.0,Male,Bachelor's,senior product manager,7.0,95000.0
40.0,Female,Master's,senior human resources specialist,13.0,120000.0
28.0,Male,Bachelor's,junior business analyst,2.0,40000.0
41.0,Female,Bachelor's,senior marketing coordinator,11.0,90000.0
45.0,Male,PhD,senior data analyst,17.0,155000.0
32.0,Female,Bachelor's,junior account manager,5.0,55000.0
35.0,Male,Master's,senior software developer,9.0,110000.0
49.0,Female,Master's,director of human capital,21.0,180000.0
30.0,Male,Bachelor's,junior advertising coordinator,3.0,45000.0
44.0,Male,Bachelor's,senior sales manager,16.0,130000.0
27.0,Female,Master's,junior ux designer,1.5,45000.0
36.0,Male,Bachelor's,senior accountant,7.0,90000.0
41.0,Female,PhD,senior marketing director,17.0,160000.0
31.0,Male,Bachelor's,junior hr generalist,4.0,50000.0
39.0,Female,Bachelor's,senior operations manager,10.0,120000.0
47.0,Male,Master's,director of finance,20.0,170000.0
30.0,Female,Bachelor's,junior marketing coordinator,2.0,40000.0
38.0,Male,Master's,senior it consultant,9.0,110000.0
45.0,Female,PhD,senior product designer,15.0,150000.0
28.0,Male,Bachelor's,junior business development associate,2.0,40000.0
35.0,Female,Bachelor's,senior marketing analyst,8.0,85000.0
44.0,Male,Bachelor's,senior software engineer,14.0,130000.0
34.0,Female,Master's,senior financial advisor,6.0,100000.0
35.0,Male,Bachelor's,senior project coordinator,9.0,95000.0
50.0,Female,PhD,director of operations,22.0,180000.0
29.0,Male,Bachelor's,junior business operations analyst,1.5,35000.0
40.0,Female,Bachelor's,senior sales representative,12.0,100000.0
48.0,Male,Master's,director of marketing,19.0,170000.0
31.0,Female,Bachelor's,junior social media specialist,3.0,45000.0
33.0,Male,Bachelor's,senior product development manager,7.0,100000.0
42.0,Female,Master's,senior human resources manager,13.0,140000.0
28.0,Male,Bachelor's,junior financial analyst,2.0,40000.0
40.0,Female,Bachelor's,senior marketing manager,11.0,105000.0
46.0,Male,PhD,senior data scientist,18.0,160000.0
33.0,Female,Bachelor's,junior operations manager,5.0,70000.0
37.0,Male,Master's,senior software architect,9.0,120000.0
51.0,Female,Master's,director of human resources,21.0,190000.0
30.0,Male,Bachelor's,junior marketing specialist,3.0,45000.0
43.0,Male,Bachelor's,senior project manager,15.0,120000.0
27.0,Female,Master's,junior research scientist,1.5,50000.0
35.0,Male,Bachelor's,senior operations analyst,8.0,85000.0
42.0,Female,PhD,senior marketing manager,13.0,140000.0
32.0,Male,Bachelor's,junior sales representative,3.0,45000.0
37.0,Female,Bachelor's,senior financial analyst,9.0,100000.0
45.0,Male,Master's,senior software developer,16.0,140000.0
33.0,Female,Bachelor's,junior operations analyst,5.0,70000.0
39.0,Male,Bachelor's,senior marketing specialist,10.0,120000.0
44.0,Female,PhD,senior hr manager,18.0,160000.0
29.0,Male,Bachelor's,junior business analyst,1.5,40000.0
38.0,Female,Bachelor's,senior product manager,10.0,120000.0
46.0,Male,PhD,senior data analyst,19.0,150000.0
34.0,Female,Bachelor's,junior marketing analyst,6.0,70000.0
36.0,Male,Bachelor's,senior operations manager,8.0,95000.0
49.0,Female,Master's,director of marketing,21.0,180000.0
31.0,Male,Bachelor's,junior financial analyst,3.0,50000.0
41.0,Female,Bachelor's,senior project coordinator,11.0,95000.0
47.0,Male,Master's,director of operations,20.0,170000.0
30.0,Female,Bachelor's,junior marketing coordinator,2.0,40000.0
38.0,Male,Master's,senior it consultant,9.0,110000.0
45.0,Female,PhD,senior product designer,15.0,150000.0
28.0,Male,Bachelor's,junior business development associate,2.0,40000.0
35.0,Female,Bachelor's,senior marketing analyst,8.0,85000.0
44.0,Male,Bachelor's,senior software engineer,14.0,130000.0
34.0,Female,Master's,senior financial advisor,6.0,100000.0
35.0,Male,Bachelor's,senior project coordinator,9.0,95000.0
50.0,Female,PhD,director of operations,22.0,180000.0
37.0,Female,Bachelor's,senior financial manager,10.0,120000.0
46.0,Male,PhD,senior data scientist,18.0,160000.0
31.0,Female,Bachelor's,junior marketing coordinator,3.0,50000.0
42.0,Male,Bachelor's,senior operations manager,12.0,110000.0
29.0,Female,Bachelor's,junior sales representative,1.5,40000.0
36.0,Male,Bachelor's,senior marketing specialist,8.0,95000.0
44.0,Female,Master's,senior hr specialist,15.0,140000.0
33.0,Male,Bachelor's,junior operations manager,4.0,60000.0
39.0,Female,Bachelor's,senior marketing coordinator,9.0,110000.0
45.0,Male,PhD,senior data engineer,16.0,150000.0
32.0,Female,Bachelor's,junior marketing manager,4.0,60000.0
37.0,Male,Bachelor's,senior financial analyst,8.0,90000.0
47.0,Female,Master's,director of marketing,20.0,180000.0
30.0,Male,Bachelor's,junior business analyst,2.0,40000.0
38.0,Female,Bachelor's,senior project manager,9.0,120000.0
46.0,Male,PhD,senior data analyst,17.0,160000.0
34.0,Female,Bachelor's,junior financial analyst,5.0,70000.0
36.0,Male,Bachelor's,senior product manager,8.0,95000.0
49.0,Female,Master's,director of operations,21.0,180000.0
31.0,Male,Bachelor's,junior operations analyst,3.0,50000.0
41.0,Female,Bachelor's,senior project coordinator,11.0,95000.0
47.0,Male,Master's,director of marketing,19.0,170000.0
29.0,Female,Bachelor's,junior business development associate,1.5,35000.0
35.0,Male,Bachelor's,senior financial manager,9.0,100000.0
44.0,Female,PhD,senior product designer,15.0,150000.0
33.0,Male,Bachelor's,junior business analyst,4.0,60000.0
35.0,Female,Bachelor's,senior marketing analyst,8.0,85000.0
44.0,Male,Bachelor's,senior software engineer,13.0,130000.0
32.0,Male,Bachelor's,junior product manager,4.0,65000.0
38.0,Female,Bachelor's,senior business analyst,10.0,110000.0
49.0,Male,PhD,director of operations,21.0,180000.0
29.0,Female,Bachelor's,junior marketing specialist,2.0,40000.0
35.0,Male,Bachelor's,senior business development manager,7.0,90000.0
45.0,Female,Master's,senior hr manager,14.0,140000.0
33.0,Male,Bachelor's,junior financial analyst,4.0,60000.0
40.0,Female,Bachelor's,senior marketing manager,12.0,130000.0
44.0,Male,PhD,senior data scientist,16.0,160000.0
30.0,Female,Bachelor's,junior operations coordinator,2.0,40000.0
37.0,Male,Bachelor's,senior marketing analyst,9.0,100000.0
48.0,Female,Master's,director of hr,20.0,180000.0
31.0,Male,Bachelor's,junior project manager,3.0,55000.0
38.0,Female,Bachelor's,senior operations coordinator,9.0,120000.0
45.0,Male,PhD,senior data engineer,16.0,150000.0
33.0,Female,Bachelor's,junior marketing manager,5.0,70000.0
36.0,Male,Bachelor's,senior business analyst,8.0,95000.0
49.0,Female,Master's,director of marketing,21.0,180000.0
31.0,Male,Bachelor's,junior operations analyst,3.0,50000.0
42.0,Female,Bachelor's,senior project manager,12.0,120000.0
47.0,Male,Master's,director of marketing,19.0,170000.0
29.0,Female,Bachelor's,junior business development associate,1.5,35000.0
35.0,Male,Bachelor's,senior financial manager,9.0,100000.0
44.0,Female,PhD,senior product designer,15.0,150000.0
33.0,Male,Bachelor's,junior business analyst,4.0,60000.0
35.0,Female,Bachelor's,senior marketing analyst,8.0,85000.0
44.0,Male,Bachelor's,senior software engineer,13.0,130000.0
34.0,Female,Master's,senior financial advisor,6.0,80000.0
36.0,Male,Bachelor's,senior marketing specialist,8.0,95000.0
30.0,Female,Bachelor's,junior hr coordinator,2.0,40000.0
37.0,Male,Bachelor's,senior business development manager,10.0,120000.0
45.0,Female,Master's,senior marketing manager,16.0,160000.0
32.0,Male,Bachelor's,junior financial advisor,4.0,65000.0
39.0,Female,Bachelor's,senior project manager,12.0,130000.0
47.0,Male,PhD,director of engineering,20.0,180000.0
29.0,Female,Bachelor's,junior marketing analyst,2.0,40000.0
36.0,Male,Bachelor's,senior operations manager,9.0,100000.0
43.0,Female,PhD,senior data scientist,15.0,150000.0
32.0,Male,Bachelor's,junior marketing coordinator,3.0,55000.0
38.0,Female,Bachelor's,senior business analyst,10.0,110000.0
48.0,Male,Master's,director of marketing,21.0,180000.0
31.0,Female,Bachelor's,junior business development associate,3.0,50000.0
40.0,Male,Bachelor's,senior financial analyst,12.0,130000.0
45.0,Female,PhD,senior ux designer,16.0,160000.0
33.0,Male,Bachelor's,junior product manager,4.0,60000.0
36.0,Female,Bachelor's,senior marketing manager,8.0,95000.0
47.0,Male,Master's,director of operations,19.0,170000.0
29.0,Female,Bachelor's,junior project manager,2.0,40000.0
34.0,Male,Bachelor's,senior operations coordinator,7.0,90000.0
44.0,Female,PhD,senior business analyst,15.0,150000.0
33.0,Male,Bachelor's,junior marketing specialist,5.0,70000.0
35.0,Female,Bachelor's,senior financial manager,8.0,90000.0
43.0,Male,Master's,director of marketing,18.0,170000.0
31.0,Female,Bachelor's,junior financial analyst,3.0,50000.0
41.0,Male,Bachelor's,senior product manager,14.0,150000.0
44.0,Female,PhD,senior data engineer,16.0,160000.0
33.0,Male,Bachelor's,junior business analyst,4.0,60000.0
35.0,Female,Bachelor's,senior marketing analyst,8.0,85000.0
45.0,Male,Master's,director of engineering,19.0,180000.0
28.0,Female,Bachelor's,junior operations manager,1.0,35000.0
36.0,Male,Bachelor's,senior business development manager,8.0,110000.0
44.0,Female,PhD,senior data scientist,16.0,160000.0
31.0,Male,Bachelor's,junior marketing coordinator,3.0,55000.0
38.0,Female,Bachelor's,senior business analyst,10.0,110000.0
48.0,Male,Master's,director of marketing,21.0,180000.0
31.0,Female,Bachelor's,junior business development associate,3.0,50000.0
40.0,Male,Bachelor's,senior financial analyst,12.0,130000.0
45.0,Female,PhD,senior ux designer,16.0,160000.0
33.0,Male,Bachelor's,junior product manager,4.0,60000.0
36.0,Female,Bachelor's,senior marketing manager,8.0,95000.0
47.0,Male,Master's,director of operations,19.0,170000.0
29.0,Female,Bachelor's,junior project manager,2.0,40000.0
34.0,Male,Bachelor's,senior operations coordinator,7.0,90000.0
44.0,Female,PhD,senior business analyst,15.0,150000.0
33.0,Male,Bachelor's,junior marketing specialist,5.0,70000.0
35.0,Female,Bachelor's,senior financial manager,8.0,90000.0
43.0,Male,Master's,director of marketing,18.0,170000.0
31.0,Female,Bachelor's,junior financial analyst,3.0,50000.0
41.0,Male,Bachelor's,senior product manager,14.0,150000.0
44.0,Female,PhD,senior data engineer,16.0,160000.0
33.0,Male,Bachelor's,junior business analyst,4.0,60000.0
35.0,Female,Bachelor's,senior marketing analyst,8.0,85000.0
43.0,Male,Master's,director of operations,19.0,170000.0
29.0,Female,Bachelor's,junior project manager,2.0,40000.0
34.0,Male,Bachelor's,senior operations coordinator,7.0,90000.0
44.0,Female,PhD,senior business analyst,15.0,150000.0
